Loan_ID,Married,Dependents,Education,Self_Employed,Loan_Amount_Term,Credit_History,Property_Area,Months-to-pay,months2,Gender,Loan_Status
LP001002,No,0,Graduate,No,360,1,Urban,0.0183835707,0.0003379557,Male,Y
LP001003,Yes,1,Graduate,No,360,1,Rural,0.0210146117,0.0004416139,Male,N
LP001005,Yes,0,Graduate,Yes,360,1,Urban,0.020696143,0.0004283303,Male,Y
LP001006,Yes,0,Not Graduate,No,360,1,Urban,0.0242865817,0.000589838,Male,Y
LP001008,No,0,Graduate,No,360,1,Urban,0.0227823558,0.0005190357,Male,Y
LP001011,Yes,2,Graduate,Yes,360,1,Urban,0.0277748882,0.0007714444,Male,Y
LP001013,Yes,0,Not Graduate,No,360,1,Urban,0.0246817355,0.0006091881,Male,Y
LP001014,Yes,3+,Graduate,No,360,0,Semiurban,0.0285198556,0.0008133822,Male,N
LP001018,Yes,2,Graduate,No,360,1,Urban,0.0303687636,0.0009222618,Male,Y
LP001024,Yes,2,Graduate,No,360,1,Urban,0.0179487179,0.0003221565,Male,Y
LP001027,Yes,2,Graduate,,360,1,Urban,0.0251152074,0.0006307736,Male,Y
LP001029,No,0,Graduate,No,360,1,Rural,0.024291498,0.0005900769,Male,N
LP001032,No,0,Graduate,No,360,1,Urban,0.0243237984,0.0005916472,Male,Y
LP001034,No,1,Not Graduate,No,240,1,Urban,0.0264200793,0.0006980206,Male,Y
LP001036,No,0,Graduate,No,360,0,Urban,0.0205460935,0.000422142,Female,N
LP001038,Yes,0,Not Graduate,No,360,1,Rural,0.0262017336,0.0006865308,Male,N
LP001041,Yes,0,Graduate,,350,1,Urban,0.018852459,0.0003554152,Male,Y
LP001043,Yes,0,Not Graduate,No,360,0,Urban,0.0132500956,0.000175565,Male,N
LP001046,Yes,1,Graduate,No,360,1,Urban,0.0272020725,0.0007399528,Male,Y
LP001047,Yes,0,Not Graduate,No,360,0,Semiurban,0.0257149191,0.0006612571,Male,N
LP001050,Yes,2,Not Graduate,No,360,0,Rural,0.0212040894,0.0004496134,,N
LP001052,Yes,1,Graduate,,360,1,Semiurban,0.0227341162,0.00051684,Male,N
LP001066,Yes,0,Graduate,Yes,360,1,Semiurban,0.019591753,0.0003838368,Male,Y
LP001068,Yes,0,Graduate,No,360,1,Semiurban,0.0241488519,0.0005831671,Male,Y
LP001073,Yes,2,Not Graduate,No,360,1,Urban,0.0208887201,0.0004363386,Male,Y
LP001086,No,0,Not Graduate,No,360,1,Urban,0.0214592275,0.0004604984,Male,N
LP001087,No,2,Graduate,,360,1,Semiurban,0.0205726041,0.000423232,Female,Y
LP001091,Yes,1,Graduate,,360,1,Urban,0.0266755143,0.0007115831,Male,N
LP001095,No,0,Graduate,No,360,1,Urban,0.0220500596,0.0004862051,Male,N
LP001097,No,1,Graduate,Yes,360,1,Rural,0.0217168613,0.0004716221,Male,N
LP001098,Yes,0,Graduate,No,360,1,Semiurban,0.0220630927,0.0004867801,Male,Y
LP001100,No,3+,Graduate,No,360,1,Rural,0.0206451613,0.0004262227,Male,N
LP001106,Yes,0,Graduate,No,360,1,Urban,0.0255642561,0.0006535312,Male,Y
LP001109,Yes,0,Graduate,No,,0,Urban,0.0316656111,0.0010027109,Male,N
LP001112,Yes,0,Graduate,No,360,1,Semiurban,0.0280920796,0.0007891649,Female,Y
LP001114,No,0,Graduate,No,360,1,Urban,0.0161744023,0.0002616113,Male,Y
LP001116,No,0,Not Graduate,No,360,1,Semiurban,0.020310192,0.0004125039,Male,Y
LP001119,No,0,Graduate,No,360,1,Urban,0.0211137503,0.0004457905,Male,N
LP001120,No,0,Graduate,No,360,1,Urban,0.0155990707,0.000243331,Male,Y
LP001123,Yes,0,Graduate,No,360,1,Urban,0.0289687138,0.0008391864,Male,Y
LP001131,Yes,0,Graduate,No,360,1,Semiurban,0.0213477776,0.0004557276,Male,Y
LP001136,Yes,0,Not Graduate,Yes,,1,Urban,0.0196560197,0.0003863591,Male,Y
LP001137,No,0,Graduate,No,,1,Urban,0.0244512365,0.000597863,Female,Y
LP001138,Yes,1,Graduate,No,360,1,Urban,0.0075368277,5.68037714887553E-005,Male,Y
LP001144,Yes,0,Graduate,No,360,1,Urban,0.0239600666,0.0005740848,Male,Y
LP001146,Yes,0,Graduate,No,360,0,Urban,0.0197206245,0.000388903,Female,N
LP001151,No,0,Graduate,No,360,1,Semiurban,0.0229482072,0.0005266202,Female,Y
LP001155,Yes,0,Not Graduate,No,360,1,Semiurban,0.0279955207,0.0007837492,Female,Y
LP001157,No,0,Graduate,No,360,1,Semiurban,0.0366412214,0.0013425791,Female,Y
LP001164,No,0,Graduate,No,360,1,Semiurban,0.0253451007,0.0006423741,Female,N
LP001179,Yes,2,Graduate,No,360,1,Urban,0.0278876171,0.0007777192,Male,N
LP001186,Yes,1,Graduate,Yes,360,0,Urban,0.024467448,0.000598656,Female,N
LP001194,Yes,2,Graduate,No,360,1,Semiurban,0.0250322581,0.0006266139,Male,Y
LP001195,Yes,0,Graduate,No,360,1,Semiurban,0.0257856567,0.0006649001,Male,Y
LP001197,Yes,0,Graduate,No,360,1,Rural,0.0242544017,0.000588276,Male,N
LP001198,Yes,1,Graduate,No,360,1,Urban,0.0174249758,0.0003036298,Male,Y
LP001199,Yes,2,Not Graduate,No,360,1,Urban,0.0231660232,0.0005366646,Male,Y
LP001205,Yes,0,Graduate,No,360,1,Urban,0.0190597205,0.0003632729,Male,Y
LP001206,Yes,3+,Graduate,No,360,1,Urban,0.03076445,0.0009464514,Male,Y
LP001207,Yes,0,Not Graduate,Yes,180,0,Rural,0.0272367118,0.0007418385,Male,N
LP001213,Yes,1,Graduate,No,360,0,Rural,0.0216205688,0.000467449,Male,N
LP001222,No,0,Graduate,No,360,0,Semiurban,0.0266360505,0.0007094792,Female,N
LP001225,Yes,0,Graduate,No,360,1,Semiurban,0.0249975778,0.0006248789,Male,N
LP001228,No,0,Not Graduate,No,180,0,Urban,0.0231023102,0.0005337167,Male,N
LP001233,Yes,1,Graduate,No,360,1,Urban,0.0285218027,0.0008134932,Male,Y
LP001238,Yes,3+,Not Graduate,Yes,60,1,Urban,0.0171491288,0.0002940926,Male,Y
LP001241,No,0,Graduate,No,360,0,Semiurban,0.0302962798,0.0009178646,Female,N
LP001243,Yes,0,Graduate,No,360,1,Urban,0.0274147274,0.0007515673,Male,Y
LP001245,Yes,2,Not Graduate,Yes,360,1,Semiurban,0.0258666667,0.0006690844,Male,Y
LP001248,No,0,Graduate,No,300,1,Semiurban,0.02195717,0.0004821173,Male,Y
LP001250,Yes,3+,Not Graduate,No,,0,Semiurban,0.0192152104,0.0003692243,Male,N
LP001253,Yes,3+,Graduate,Yes,360,1,Semiurban,0.0265625,0.0007055664,Male,Y
LP001255,No,0,Graduate,No,480,1,Urban,0.0286874841,0.0008229717,Male,N
LP001256,No,0,Graduate,No,360,1,Urban,0.0207058824,0.0004287336,Male,N
LP001263,Yes,3+,Graduate,No,300,0,Semiurban,0.0251151109,0.0006307688,Male,N
LP001264,Yes,3+,Not Graduate,Yes,360,1,Semiurban,0.0236406619,0.0005588809,Male,Y
LP001265,No,0,Graduate,No,360,1,Semiurban,0.0275092937,0.0007567612,Female,Y
LP001266,Yes,1,Graduate,Yes,360,1,Semiurban,0.0429566563,0.0018452743,Male,Y
LP001273,Yes,0,Graduate,No,360,1,Semiurban,0.0321212121,0.0010317723,Male,N
LP001275,Yes,1,Graduate,No,240,1,Urban,0.0119703136,0.0001432884,Male,Y
LP001279,No,0,Graduate,No,360,1,Semiurban,0.0277721054,0.0007712898,Male,Y
LP001280,Yes,2,Not Graduate,No,360,1,Semiurban,0.0185636602,0.0003446095,Male,Y
LP001282,Yes,0,Graduate,No,360,1,Semiurban,0.0225205717,0.0005071761,Male,Y
LP001289,No,0,Graduate,No,360,1,Urban,0.0239862935,0.0005753423,Male,Y
LP001310,Yes,0,Graduate,No,360,1,Semiurban,0.0177448793,0.0003148807,Male,Y
LP001316,Yes,0,Graduate,No,360,1,Semiurban,0.0223625811,0.000500085,Male,Y
LP001318,Yes,2,Graduate,No,180,1,Semiurban,0.0157930108,0.0002494192,Male,Y
LP001319,Yes,2,Not Graduate,No,360,1,Urban,0.0159041822,0.000252943,Male,Y
LP001322,No,0,Graduate,No,360,1,Semiurban,0.0282276724,0.0007968015,Male,Y
LP001325,No,0,Not Graduate,No,120,1,Semiurban,0.0065634025,4.30782519548394E-005,Male,Y
LP001326,No,0,Graduate,,360,1,Urban,0.01592311,0.0002535454,Male,N
LP001327,Yes,0,Graduate,No,360,1,Semiurban,0.0286251567,0.0008193996,Female,Y
LP001333,Yes,0,Graduate,No,360,1,Semiurban,0.0168123739,0.0002826559,Male,Y
LP001334,Yes,0,Not Graduate,No,180,1,Semiurban,0.0262737034,0.0006903075,Male,Y
LP001343,Yes,0,Graduate,No,360,1,Semiurban,0.0247169811,0.0006109292,Male,Y
LP001345,Yes,2,Not Graduate,No,180,1,Urban,0.0176135611,0.0003102375,Male,Y
LP001349,No,0,Graduate,No,360,1,Semiurban,0.0174586657,0.000304805,Male,Y
LP001350,Yes,,Graduate,No,360,1,Urban,0.0080208108,6.43334051229597E-005,Male,Y
LP001356,Yes,0,Graduate,No,360,1,Semiurban,0.0134790528,0.0001816849,Male,Y
LP001357,,,Graduate,No,360,1,Urban,0.0350109409,0.001225766,Male,Y
LP001367,Yes,1,Graduate,No,360,1,Urban,0.0244977952,0.000600142,Male,Y
LP001369,Yes,2,Graduate,No,360,1,Urban,0.0179382923,0.0003217823,Male,Y
LP001370,No,0,Not Graduate,,360,1,Rural,0.0159532039,0.0002545047,Male,N
LP001379,Yes,2,Graduate,No,360,0,Urban,0.0291891892,0.0008520088,Male,N
LP001384,Yes,3+,Not Graduate,No,480,1,Semiurban,0.0332743363,0.0011071815,Male,Y
LP001385,No,0,Graduate,No,360,1,Urban,0.0247048138,0.0006103278,Male,Y
LP001387,Yes,0,Graduate,,360,1,Semiurban,0.0264158115,0.0006977951,Female,Y
LP001391,Yes,0,Not Graduate,No,,0,Rural,0.0197762165,0.0003910987,Male,N
LP001392,No,1,Graduate,Yes,360,1,Semiurban,0.0145287958,0.0002110859,Female,Y
LP001398,No,0,Graduate,,360,1,Semiurban,0.0225233823,0.0005073028,Male,Y
LP001401,Yes,1,Graduate,No,180,1,Rural,0.0125236935,0.0001568429,Male,Y
LP001404,Yes,0,Graduate,No,360,1,Semiurban,0.0282568807,0.0007984513,Female,Y
LP001405,Yes,1,Graduate,No,360,1,Urban,0.0235326689,0.0005537865,Male,Y
LP001421,Yes,0,Graduate,No,360,1,Rural,0.0226977951,0.0005151899,Male,N
LP001422,No,0,Graduate,No,360,1,Urban,0.0244408795,0.0005973566,Female,Y
LP001426,Yes,,Graduate,No,360,1,Rural,0.0215982721,0.0004664854,Male,Y
LP001430,No,0,Graduate,No,360,1,Semiurban,0.0101033295,0.0001020773,Female,Y
LP001432,Yes,2,Graduate,No,360,1,Semiurban,0.0257469803,0.000662907,Male,Y
LP001439,Yes,0,Not Graduate,No,360,1,Rural,0.0307253722,0.0009440485,Male,Y
LP001443,No,0,Graduate,No,360,1,Rural,0.0239628962,0.0005742204,Female,Y
LP001449,No,0,Graduate,No,360,1,Rural,0.0201634877,0.0004065662,Male,Y
LP001451,Yes,1,Graduate,Yes,180,0,Urban,0.011139734,0.0001240937,Male,N
LP001465,Yes,0,Graduate,No,360,1,Rural,0.0210428951,0.0004428034,Male,N
LP001469,No,0,Graduate,Yes,480,1,Urban,0.0319331859,0.0010197284,Male,Y
LP001473,No,0,Graduate,No,360,1,Urban,0.018767436,0.0003522167,Male,Y
LP001478,No,0,Graduate,No,360,1,Semiurban,0.0240798074,0.0005798371,Male,Y
LP001482,Yes,0,Graduate,Yes,120,1,Semiurban,0.0068530702,4.6964570829486E-005,Male,Y
LP001487,No,0,Graduate,No,360,1,Semiurban,0.0200629426,0.0004025217,Male,Y
LP001489,Yes,0,Graduate,No,360,1,Rural,0.0176026823,0.0003098544,Female,N
LP001491,Yes,2,Graduate,Yes,360,1,Urban,0.0129107981,0.0001666887,Male,Y
LP001492,No,0,Graduate,No,360,0,Semiurban,0.0159336318,0.0002538806,Male,N
LP001493,Yes,2,Not Graduate,No,360,1,Rural,0.0229129663,0.000525004,Male,N
LP001497,Yes,2,Graduate,No,360,1,Rural,0.0259649123,0.0006741767,Male,N
LP001498,No,0,Graduate,No,360,1,Urban,0.0299678915,0.0008980745,Male,Y
LP001504,No,0,Graduate,Yes,180,1,Semiurban,0.0245132371,0.0006008988,Male,Y
LP001507,Yes,0,Graduate,No,360,1,Semiurban,0.0257819104,0.0006647069,Male,Y
LP001508,Yes,2,Graduate,No,180,1,Urban,0.0156537753,0.0002450407,Male,Y
LP001514,Yes,0,Graduate,No,360,1,Semiurban,0.0146713615,0.0002152488,Female,Y
LP001516,Yes,2,Graduate,No,360,1,Urban,0.0046496181,2.16189481697851E-005,Female,Y
LP001518,Yes,1,Graduate,No,360,1,Urban,0.0101248734,0.0001025131,Male,Y
LP001519,No,0,Graduate,No,360,1,Rural,0.0192868164,0.0003719813,Female,N
LP001520,Yes,0,Graduate,No,360,1,Semiurban,0.0219683656,0.0004826091,Male,Y
LP001528,No,0,Graduate,No,360,0,Rural,0.0182493041,0.0003330371,Male,N
LP001529,Yes,0,Graduate,Yes,360,1,Rural,0.024024024,0.0005771537,Male,Y
LP001531,No,0,Graduate,No,360,1,Urban,0.0260823089,0.0006802868,Male,N
LP001532,Yes,2,Not Graduate,No,360,1,Rural,0.0457489879,0.0020929699,Male,N
LP001535,No,0,Graduate,No,360,1,Urban,0.014522219,0.0002108948,Male,Y
LP001541,Yes,1,Graduate,No,360,1,Rural,0.0258523186,0.0006683424,Male,Y
LP001543,Yes,1,Graduate,No,360,1,Urban,0.0192248381,0.0003695944,Male,Y
LP001546,No,0,Graduate,,360,1,Rural,0.0237013628,0.0005617546,Male,Y
LP001552,Yes,0,Graduate,No,360,1,Semiurban,0.0249804075,0.0006240208,Male,Y
LP001560,Yes,0,Not Graduate,No,360,1,Semiurban,0.0337465565,0.0011388301,Male,Y
LP001562,Yes,0,Graduate,No,360,1,Urban,0.0338586555,0.0011464086,Male,N
LP001565,Yes,1,Graduate,No,360,0,Semiurban,0.0276951247,0.0007670199,Male,N
LP001570,Yes,2,Graduate,No,360,1,Rural,0.0281439259,0.0007920806,Male,Y
LP001572,Yes,0,Graduate,No,180,1,Urban,0.0078847771,6.21697102893711E-005,Male,Y
LP001574,Yes,0,Graduate,No,6,1,Rural,0.0264804307,0.0007012132,Male,Y
LP001577,Yes,0,Graduate,No,360,1,Rural,0.0234702431,0.0005508523,Female,N
LP001578,Yes,0,Graduate,No,360,1,Rural,0.0223492723,0.00049949,Male,Y
LP001579,No,0,Graduate,No,480,0,Semiurban,0.0259686727,0.000674372,Male,N
LP001580,Yes,2,Graduate,No,360,1,Semiurban,0.0244230065,0.0005964832,Male,Y
LP001581,Yes,0,Not Graduate,,360,1,Rural,0.0264697687,0.0007006487,Male,Y
LP001586,Yes,3+,Not Graduate,No,180,1,Rural,0.0218270008,0.000476418,Male,N
LP001594,Yes,0,Graduate,No,360,1,Semiurban,0.0165004853,0.000272266,Male,Y
LP001603,Yes,0,Not Graduate,Yes,360,1,Semiurban,0.0171259843,0.0002932993,Male,N
LP001606,Yes,0,Graduate,No,360,1,Rural,0.0212415309,0.0004512026,Male,Y
LP001608,Yes,2,Graduate,No,360,1,Rural,0.0275655022,0.0007598569,Male,Y
LP001616,Yes,1,Graduate,No,360,1,Semiurban,0.0294490988,0.0008672494,Male,Y
LP001630,No,0,Not Graduate,No,480,0,Urban,0.0269556025,0.0007266045,Male,N
LP001633,Yes,1,Graduate,No,360,0,Urban,0.0131868132,0.000173892,Male,N
LP001634,No,0,Graduate,No,360,1,Rural,0.0096002293,9.21644018293186E-005,Male,N
LP001636,Yes,0,Graduate,No,180,1,Semiurban,0.0152432658,0.0002323572,Male,Y
LP001639,Yes,0,Graduate,No,360,1,Semiurban,0.0283167278,0.0008018371,Female,Y
LP001641,Yes,1,Graduate,Yes,300,0,Rural,0.0278833967,0.0007774838,Male,N
LP001643,Yes,0,Graduate,No,360,1,Rural,0.0128290201,0.0001645838,Male,Y
LP001647,Yes,0,Graduate,No,180,1,Rural,0.0197541242,0.0003902254,Male,Y
LP001653,No,0,Not Graduate,No,360,1,Rural,0.0094599921,8.94914508475198E-005,Male,Y
LP001656,No,0,Graduate,No,360,1,Semiurban,0.0134547543,0.0001810304,Male,N
LP001657,Yes,0,Not Graduate,No,360,1,Urban,0.0257152041,0.0006612717,Male,N
LP001658,No,0,Graduate,No,360,1,Semiurban,0.0187793427,0.0003526637,Male,Y
LP001664,No,0,Graduate,No,360,1,Rural,0.0273972603,0.0007506099,Male,Y
LP001665,Yes,1,Graduate,No,360,1,Semiurban,0.029782761,0.0008870129,Male,N
LP001666,No,0,Graduate,No,360,1,Rural,0.015476289,0.0002395155,Male,Y
LP001669,No,0,Not Graduate,No,,1,Urban,0.0280898876,0.0007890418,Female,Y
LP001671,Yes,0,Graduate,No,360,1,Semiurban,0.0181322208,0.0003287774,Female,Y
LP001673,No,0,Graduate,Yes,360,1,Urban,0.0074179998,5.50267213481098E-005,Male,N
LP001674,Yes,1,Not Graduate,No,360,1,Semiurban,0.0176470588,0.0003114187,Male,Y
LP001677,No,2,Graduate,No,360,0,Semiurban,0.0324726135,0.0010544706,Male,Y
LP001682,Yes,3+,Not Graduate,No,180,1,Urban,0.0265486726,0.000704832,Male,N
LP001688,Yes,1,Not Graduate,No,360,1,Urban,0.0294566878,0.0008676965,Male,Y
LP001691,Yes,2,Not Graduate,No,360,1,Semiurban,0.0301997077,0.0009120223,Male,Y
LP001692,No,0,Not Graduate,No,360,1,Semiurban,0.0261039809,0.0006814178,Female,Y
LP001693,No,0,Graduate,No,360,1,Urban,0.0233032333,0.0005430407,Female,Y
LP001698,No,0,Not Graduate,No,360,1,Rural,0.008453735,7.14656356841125E-005,Male,Y
LP001699,No,0,Graduate,No,360,1,Urban,0.022113943,0.0004890265,Male,Y
LP001702,No,0,Graduate,No,360,1,Semiurban,0.0352093152,0.0012396959,Male,N
LP001708,No,0,Graduate,No,360,1,Semiurban,0.0210030425,0.0004411278,Female,N
LP001711,Yes,3+,Graduate,No,360,0,Semiurban,0.0273504274,0.0007480459,Male,N
LP001713,Yes,1,Graduate,Yes,360,1,Urban,0.0300902708,0.0009054244,Male,Y
LP001715,Yes,3+,Not Graduate,Yes,360,1,Rural,0.0220638153,0.0004868119,Male,Y
LP001716,Yes,0,Graduate,No,360,1,Urban,0.0221181789,0.0004892138,Male,Y
LP001720,Yes,3+,Not Graduate,No,360,1,Semiurban,0.0206910821,0.0004281209,Male,Y
LP001726,Yes,0,Graduate,No,360,1,Semiurban,0.0238095238,0.0005668934,Male,Y
LP001732,Yes,2,Graduate,,360,0,Semiurban,0.0138755059,0.0001925297,Male,N
LP001734,Yes,2,Graduate,No,360,1,Semiurban,0.0190519052,0.0003629751,Female,Y
LP001736,Yes,0,Graduate,No,360,0,Urban,0.0248962656,0.000619824,Male,N
LP001743,Yes,2,Graduate,No,360,1,Semiurban,0.0202584701,0.0004104056,Male,Y
LP001744,No,0,Graduate,No,360,1,Semiurban,0.0249913225,0.0006245662,Male,Y
LP001749,Yes,0,Graduate,No,,1,Semiurban,0.0203772706,0.0004152332,Male,Y
LP001750,Yes,0,Graduate,No,360,1,Semiurban,0.0198788632,0.0003951692,Male,Y
LP001751,Yes,0,Graduate,No,360,1,Rural,0.0494329747,0.002443619,Male,N
LP001754,Yes,,Not Graduate,Yes,360,1,Urban,0.0280259951,0.0007854564,Male,N
LP001758,Yes,2,Graduate,No,360,1,Semiurban,0.0264317181,0.0006986357,Male,Y
LP001760,,,Graduate,No,480,1,Semiurban,0.0319385486,0.0010200709,Male,Y
LP001761,No,0,Graduate,Yes,360,1,Rural,0.0303536197,0.0009213422,Male,Y
LP001765,Yes,1,Graduate,No,360,1,Semiurban,0.0228822882,0.0005235991,Male,Y
LP001768,Yes,0,Graduate,,180,1,Rural,0.0107554417,0.0001156795,Male,Y
LP001770,No,0,Not Graduate,No,,1,Rural,0.0207361327,0.0004299872,Male,Y
LP001776,No,0,Graduate,No,360,1,Semiurban,0.0328561371,0.0010795257,Female,Y
LP001778,Yes,1,Graduate,No,360,1,Semiurban,0.028374544,0.0008051147,Male,Y
LP001784,Yes,1,Graduate,No,360,1,Rural,0.025147929,0.0006324183,Male,Y
LP001786,Yes,0,Graduate,,360,1,Urban,0.0429654591,0.0018460307,Male,N
LP001788,No,0,Graduate,Yes,360,1,Urban,0.0334063527,0.0011159844,Female,Y
LP001790,No,1,Graduate,No,360,1,Rural,0.0279930017,0.0007836081,Female,Y
LP001792,Yes,1,Graduate,No,360,1,Semiurban,0.0273972603,0.0007506099,Male,Y
LP001798,Yes,2,Graduate,No,360,1,Rural,0.0110915981,0.0001230235,Male,Y
LP001800,Yes,1,Not Graduate,No,180,1,Urban,0.0311595816,0.0009709195,Male,N
LP001806,No,0,Graduate,No,60,1,Urban,0.0178859912,0.0003199087,Male,Y
LP001807,Yes,2,Graduate,Yes,360,1,Rural,0.0143046358,0.0002046226,Male,Y
LP001811,Yes,0,Not Graduate,No,360,1,Semiurban,0.0157228685,0.0002472086,Male,Y
LP001813,No,0,Graduate,Yes,180,1,Urban,0.0115573534,0.0001335724,Male,N
LP001814,Yes,2,Graduate,No,360,1,Urban,0.0113222806,0.000128194,Male,Y
LP001819,Yes,1,Not Graduate,No,180,1,Urban,0.0201559512,0.0004062624,Male,Y
LP001824,Yes,1,Graduate,No,480,1,Semiurban,0.026031746,0.0006776518,Male,Y
LP001825,Yes,0,Graduate,No,360,1,Urban,0.0244764754,0.0005990978,Male,Y
LP001835,Yes,0,Not Graduate,No,360,0,Semiurban,0.0361640878,0.0013078412,Male,N
LP001836,No,2,Graduate,No,360,1,Urban,0.0381637168,0.0014564693,Female,N
LP001841,No,0,Not Graduate,Yes,360,1,Rural,0.0218947368,0.0004793795,Male,Y
LP001843,Yes,1,Not Graduate,No,180,1,Semiurban,0.028580209,0.0008168283,Male,Y
LP001844,No,0,Graduate,Yes,360,0,Urban,0.0116795426,0.0001364117,Male,N
LP001846,No,3+,Graduate,No,360,1,Rural,0.0779339853,0.0060737061,Female,Y
LP001849,No,0,Not Graduate,No,360,0,Rural,0.0184472249,0.0003403001,Male,N
LP001854,Yes,3+,Graduate,No,360,1,Urban,0.0172825887,0.0002986879,Male,N
LP001859,Yes,0,Graduate,No,360,1,Rural,0.0181135673,0.0003281013,Male,N
LP001864,Yes,3+,Not Graduate,No,360,0,Semiurban,0.025,0.000625,Male,N
LP001865,Yes,1,Graduate,No,360,1,Urban,0.0319365141,0.0010199409,Male,Y
LP001868,No,0,Graduate,No,360,1,Semiurban,0.0313890841,0.0009852746,Male,Y
LP001870,No,1,Graduate,No,36,1,Semiurban,0.0422343324,0.0017837388,Female,N
LP001871,No,0,Graduate,No,360,1,Rural,0.0162403573,0.0002637492,Female,Y
LP001872,No,0,Graduate,Yes,360,1,Semiurban,0.0239028945,0.0005713484,Male,Y
LP001875,No,0,Graduate,No,360,1,Rural,0.0200212145,0.000400849,Male,Y
LP001877,Yes,2,Graduate,No,360,1,Semiurban,0.0246103363,0.0006056687,Male,Y
LP001882,Yes,3+,Graduate,No,360,0,Urban,0.0260416667,0.0006781684,Male,Y
LP001883,No,0,Graduate,,360,1,Rural,0.0374272248,0.0014007972,Female,N
LP001884,No,1,Graduate,No,360,1,Urban,0.0202885482,0.0004116252,Female,Y
LP001888,No,0,Graduate,No,360,1,Urban,0.0087565674,7.66774730785392E-005,Female,Y
LP001891,Yes,0,Graduate,No,360,1,Urban,0.0119982356,0.0001439577,Male,Y
LP001892,No,0,Graduate,No,360,1,Rural,0.0268656716,0.0007217643,Male,Y
LP001894,Yes,0,Graduate,No,360,1,Semiurban,0.0309725377,0.0009592981,Male,Y
LP001896,Yes,2,Graduate,No,360,1,Semiurban,0.0220102715,0.000484452,Male,Y
LP001900,Yes,1,Graduate,No,360,1,Semiurban,0.025043554,0.0006271796,Male,Y
LP001903,Yes,0,Graduate,No,360,1,Semiurban,0.0284849319,0.0008113913,Male,Y
LP001904,Yes,0,Graduate,No,360,1,Urban,0.0181694299,0.0003301282,Male,Y
LP001907,Yes,0,Graduate,No,360,1,Semiurban,0.0295152992,0.0008711529,Male,Y
LP001908,Yes,0,Not Graduate,No,360,1,Rural,0.0289111681,0.0008358556,Female,Y
LP001910,No,1,Not Graduate,Yes,360,0,Urban,0.0243864794,0.0005947004,Male,N
LP001914,Yes,0,Graduate,No,360,1,Semiurban,0.0236936746,0.0005613902,Male,Y
LP001915,Yes,2,Graduate,No,180,1,Urban,0.0237312889,0.0005631741,Male,Y
LP001917,No,0,Graduate,No,360,1,Urban,0.0155306299,0.0002412005,Female,Y
LP001924,No,0,Graduate,No,360,1,Rural,0.0143294156,0.0002053322,Male,Y
LP001925,No,0,Graduate,Yes,300,1,Semiurban,0.0229325921,0.0005259038,Female,N
LP001926,Yes,0,Graduate,No,360,1,Rural,0.0210378682,0.0004425919,Male,Y
LP001931,No,0,Graduate,No,360,1,Semiurban,0.0266635752,0.0007109462,Female,Y
LP001935,No,0,Graduate,No,360,1,Rural,0.0192843147,0.0003718848,Male,Y
LP001936,Yes,0,Graduate,No,360,1,Rural,0.0253141504,0.0006408062,Male,Y
LP001938,Yes,2,Graduate,No,360,0,Semiurban,0.0276748747,0.0007658987,Male,N
LP001940,Yes,2,Graduate,No,360,1,Urban,0.0284319966,0.0008083784,Male,Y
LP001945,No,,Graduate,No,480,0,Urban,0.0255083839,0.0006506776,Female,N
LP001947,Yes,0,Graduate,No,360,1,Semiurban,0.0300857093,0.0009051499,Male,Y
LP001949,Yes,3+,Graduate,,360,1,Urban,0.0194140487,0.0003769053,Male,Y
LP001953,Yes,1,Graduate,No,360,1,Semiurban,0.0283125708,0.0008016017,Male,Y
LP001954,Yes,1,Graduate,No,360,1,Urban,0.0278063852,0.0007731951,Female,Y
LP001955,No,0,Graduate,No,480,1,Rural,0.0200238695,0.0004009554,Female,N
LP001963,Yes,1,Graduate,No,360,1,Urban,0.0228791253,0.0005234544,Male,N
LP001964,Yes,0,Not Graduate,No,360,0,Urban,0.0196451204,0.0003859308,Male,N
LP001972,Yes,,Not Graduate,No,360,1,Semiurban,0.0227027027,0.0005154127,Male,Y
LP001974,No,0,Graduate,No,360,1,Rural,0.0254384274,0.0006471136,Female,Y
LP001977,Yes,1,Graduate,No,360,1,Urban,0.0280046674,0.0007842614,Male,Y
LP001978,No,0,Graduate,No,360,1,Rural,0.0215384615,0.0004639053,Male,Y
LP001990,No,0,Not Graduate,No,360,1,Urban,0.0507080859,0.00257131,Male,N
LP001993,No,0,Graduate,No,360,1,Rural,0.0248710391,0.0006185686,Female,Y
LP001994,No,0,Graduate,No,360,0,Urban,0.0243959653,0.0005951631,Female,N
LP001996,No,0,Graduate,No,360,1,Rural,0.0235040642,0.000552441,Male,N
LP001998,Yes,2,Not Graduate,No,360,1,Rural,0.0235488798,0.0005545497,Male,Y
LP002002,No,0,Graduate,No,360,1,Semiurban,0.0270444301,0.0007314012,Female,Y
LP002004,No,0,Not Graduate,No,360,1,Semiurban,0.0208177044,0.0004333768,Male,Y
LP002006,No,0,Graduate,No,360,1,Rural,0.0207715134,0.0004314558,Female,Y
LP002008,Yes,2,Graduate,Yes,84,1,Rural,0.0242628475,0.0005886858,Male,Y
LP002024,Yes,0,Graduate,No,360,1,Rural,0.0368396664,0.001357161,,N
LP002031,Yes,1,Not Graduate,No,180,1,Urban,0.0220281802,0.0004852407,Male,Y
LP002035,Yes,2,Graduate,No,360,1,Semiurban,0.0307219662,0.0009438392,Male,Y
LP002036,Yes,0,Graduate,No,360,1,Urban,0.0209923664,0.0004406794,Male,Y
LP002043,No,1,Graduate,No,360,1,Semiurban,0.0300268097,0.0009016093,Female,Y
LP002050,Yes,1,Graduate,Yes,360,1,Rural,0.0152124841,0.0002314197,Male,N
LP002051,Yes,0,Graduate,No,360,1,Semiurban,0.0251806437,0.0006340648,Male,Y
LP002053,Yes,3+,Graduate,No,360,1,Semiurban,0.0273670271,0.0007489542,Male,Y
LP002054,Yes,2,Not Graduate,No,360,1,Rural,0.0213831632,0.0004572397,Male,Y
LP002055,No,0,Graduate,No,360,1,Rural,0.0214599252,0.0004605284,Female,Y
LP002065,Yes,3+,Graduate,No,360,1,Rural,0.0197511357,0.0003901074,Male,Y
LP002067,Yes,1,Graduate,Yes,360,0,Rural,0.0275478057,0.0007588816,Male,N
LP002068,No,0,Graduate,No,360,0,Rural,0.0254602429,0.000648224,Male,Y
LP002082,Yes,0,Graduate,Yes,360,1,Semiurban,0.0230634244,0.0005319215,Male,Y
LP002086,Yes,0,Graduate,No,360,1,Urban,0.0162146226,0.000262914,Female,N
LP002087,No,0,Graduate,No,360,1,Urban,0.0249163258,0.0006208233,Female,Y
LP002097,No,1,Graduate,No,360,1,Urban,0.0189412336,0.0003587703,Male,Y
LP002098,No,0,Graduate,No,360,1,Semiurban,0.0313700384,0.0009840793,Male,Y
LP002100,No,,Graduate,No,360,1,Urban,0.0234943746,0.0005519856,Male,Y
LP002103,Yes,1,Graduate,Yes,180,1,Urban,0.0156008915,0.0002433878,,Y
LP002106,Yes,,Graduate,Yes,,1,Semiurban,0.0070049034,4.90686720972869E-005,Male,Y
LP002110,Yes,1,Graduate,,360,1,Rural,0.0269450994,0.0007260384,Male,Y
LP002112,Yes,2,Graduate,Yes,360,1,Rural,0.0247887324,0.0006144813,Male,Y
LP002113,No,3+,Not Graduate,No,360,0,Urban,0.0549777117,0.0030225488,Female,N
LP002114,No,0,Graduate,No,360,1,Semiurban,0.0163255921,0.000266525,Female,Y
LP002115,Yes,3+,Not Graduate,No,360,1,Rural,0.0408597071,0.0016695157,Male,N
LP002116,No,0,Graduate,No,360,1,Rural,0.0179197507,0.0003211175,Female,N
LP002119,Yes,1,Not Graduate,No,360,1,Urban,0.0273214595,0.0007464621,Male,Y
LP002126,Yes,3+,Not Graduate,No,360,1,Semiurban,0.0220107079,0.0004844713,Male,Y
LP002128,Yes,2,Graduate,,360,1,Rural,0.025442703,0.0006473311,Male,Y
LP002129,Yes,0,Graduate,No,360,1,Semiurban,0.0322775873,0.0010418426,Male,Y
LP002130,Yes,,Not Graduate,No,360,0,Rural,0.0225085147,0.0005066332,Male,N
LP002131,Yes,2,Not Graduate,No,360,1,Urban,0.0239954294,0.0005757806,Male,Y
LP002137,Yes,0,Graduate,No,360,1,Semiurban,0.0237266398,0.0005629534,Male,Y
LP002138,Yes,0,Graduate,No,360,1,Rural,0.0210704225,0.0004439627,Male,Y
LP002139,Yes,0,Graduate,No,360,1,Semiurban,0.0245901639,0.0006046762,Male,Y
LP002140,No,0,Graduate,No,360,1,Rural,0.0238445459,0.0005685624,Male,N
LP002141,Yes,3+,Graduate,No,360,1,Rural,0.0200042114,0.0004001685,Male,Y
LP002142,Yes,0,Graduate,Yes,360,0,Rural,0.0184566708,0.0003406487,Female,N
LP002143,Yes,0,Graduate,No,360,1,Semiurban,0.0443989071,0.001971263,Female,Y
LP002144,No,,Graduate,No,180,1,Urban,0.0289855072,0.0008401596,Female,Y
LP002149,Yes,2,Graduate,No,360,1,Rural,0.0143478261,0.0002058601,Male,Y
LP002151,Yes,1,Graduate,No,360,1,Urban,0.0164862205,0.0002717955,Male,N
LP002158,Yes,0,Not Graduate,No,480,0,Urban,0.0214316331,0.0004593149,Male,N
LP002160,Yes,3+,Graduate,No,360,1,Semiurban,0.0239980802,0.0005759079,Male,Y
LP002161,No,1,Graduate,No,360,1,Semiurban,0.016490228,0.0002719276,Female,N
LP002170,Yes,2,Graduate,No,360,1,Semiurban,0.0272297219,0.0007414578,Male,Y
LP002175,Yes,0,Graduate,No,360,1,Urban,0.0183538049,0.0003368622,Male,Y
LP002178,Yes,0,Graduate,No,300,1,Urban,0.015712868,0.0002468942,Male,Y
LP002180,No,0,Graduate,Yes,360,1,Rural,0.0201112537,0.0004044625,Male,Y
LP002181,No,0,Not Graduate,No,360,1,Rural,0.0207650273,0.0004311864,Male,N
LP002187,No,0,Graduate,No,480,1,Semiurban,0.0357010041,0.0012745617,Male,N
LP002188,No,0,Graduate,No,,0,Rural,0.0233389799,0.000544708,Male,N
LP002190,Yes,1,Graduate,No,360,1,Semiurban,0.0268652134,0.0007217397,Male,Y
LP002191,Yes,0,Graduate,No,360,1,Rural,0.0228036486,0.0005200064,Male,N
LP002194,No,0,Graduate,Yes,360,1,Semiurban,0.0034487083,1.18935889521557E-005,Female,Y
LP002197,Yes,2,Graduate,No,360,1,Semiurban,0.0288425754,0.0008318942,Male,Y
LP002205,No,1,Graduate,No,180,0,Urban,0.0219845514,0.0004833205,Male,N
LP002209,No,0,Graduate,,360,1,Urban,0.0260478333,0.0006784896,Female,Y
LP002211,Yes,0,Graduate,No,180,1,Urban,0.0209059233,0.0004370576,Male,Y
LP002219,Yes,3+,Graduate,No,360,1,Rural,0.0094572967,8.94404602688646E-005,Male,Y
LP002223,Yes,0,Graduate,No,360,1,Semiurban,0.0288953101,0.0008349389,Male,Y
LP002224,No,0,Graduate,No,480,1,Urban,0.0217925107,0.0004749135,Male,N
LP002225,Yes,2,Graduate,No,360,1,Urban,0.023297491,0.0005427731,Male,Y
LP002226,Yes,0,Graduate,,360,1,Semiurban,0.0219441111,0.000481544,Male,Y
LP002229,No,0,Graduate,No,360,1,Semiurban,0.0290966283,0.0008466138,Male,Y
LP002231,No,0,Graduate,No,360,1,Urban,0.0252060107,0.000635343,Female,Y
LP002234,No,0,Graduate,Yes,360,1,Urban,0.0174007613,0.0003027865,Male,Y
LP002236,Yes,2,Graduate,No,360,1,Urban,0.0210304942,0.0004422817,Male,N
LP002237,No,1,Graduate,,180,1,Urban,0.0293049793,0.0008587818,Male,Y
LP002239,No,0,Not Graduate,No,360,1,Semiurban,0.0334515966,0.0011190093,Male,Y
LP002243,Yes,0,Not Graduate,No,360,0,Urban,0.0180605272,0.0003261826,Male,N
LP002244,Yes,0,Graduate,No,360,1,Urban,0.0286315789,0.0008197673,Male,Y
LP002250,Yes,0,Graduate,No,360,1,Rural,0.0220186718,0.0004848219,Male,Y
LP002255,No,3+,Graduate,No,360,1,Rural,0.0197734074,0.0003909876,Male,Y
LP002262,Yes,3+,Graduate,No,360,1,Rural,0.0283709894,0.000804913,Male,Y
LP002263,Yes,0,Graduate,No,360,1,Urban,0.0255427842,0.0006524338,Male,Y
LP002265,Yes,2,Not Graduate,No,180,1,Semiurban,0.0312327253,0.0009754831,Male,Y
LP002266,Yes,2,Graduate,No,360,1,Urban,0.0251111111,0.0006305679,Male,Y
LP002272,Yes,2,Graduate,No,360,1,Semiurban,0.0359042553,0.0012891156,Male,Y
LP002277,No,0,Graduate,No,360,0,Urban,0.0210745028,0.0004441347,Female,N
LP002281,Yes,0,Graduate,No,360,1,Urban,0.0211487088,0.0004472679,Male,Y
LP002284,No,0,Not Graduate,No,360,1,Rural,0.0195761494,0.0003832256,Male,Y
LP002287,No,0,Graduate,No,360,0,Semiurban,0.0312121212,0.0009741965,Female,N
LP002288,Yes,2,Not Graduate,No,180,0,Urban,0.014619883,0.000213741,Male,N
LP002296,No,0,Not Graduate,No,300,1,Rural,0.0220788043,0.0004874736,Male,N
LP002300,No,0,Not Graduate,No,360,1,Semiurban,0.0246282528,0.0006065508,Female,Y
LP002301,No,0,Graduate,Yes,360,1,Rural,0.0254259502,0.0006464789,Female,N
LP002305,No,0,Graduate,No,360,1,Semiurban,0.0242820946,0.0005896201,Female,Y
LP002308,Yes,0,Not Graduate,No,360,1,Urban,0.0251806437,0.0006340648,Male,Y
LP002314,No,0,Not Graduate,No,360,1,Rural,0.0274771024,0.0007549912,Female,Y
LP002315,Yes,1,Graduate,No,300,0,Semiurban,0.0179055248,0.0003206078,Male,N
LP002318,No,1,Not Graduate,Yes,360,1,Semiurban,0.0152859961,0.0002336617,Female,N
LP002319,Yes,0,Graduate,,360,1,Urban,0.0248254461,0.0006163028,Male,Y
LP002328,Yes,0,Not Graduate,No,360,0,Rural,0.0346857597,0.0012031019,Male,N
LP002332,Yes,0,Not Graduate,No,360,1,Rural,0.0256649557,0.0006586899,Male,Y
LP002335,Yes,0,Not Graduate,No,360,0,Semiurban,0.0330486446,0.0010922129,Female,N
LP002337,No,0,Graduate,No,360,1,Urban,0.0188442211,0.0003551047,Female,Y
LP002341,No,1,Graduate,No,360,1,Urban,0.0573682323,0.0032911141,Female,N
LP002347,Yes,0,Graduate,No,360,1,Semiurban,0.0295946815,0.0008758452,Male,Y
LP002348,Yes,0,Graduate,No,360,1,Rural,0.0229312064,0.0005258402,Male,Y
LP002357,No,0,Not Graduate,No,,0,Urban,0.0275008594,0.0007562973,Female,N
LP002361,Yes,0,Graduate,No,360,1,Urban,0.0282565697,0.0007984337,Male,Y
LP002362,Yes,1,Graduate,No,,0,Urban,0.0123359874,0.0001521766,Male,N
LP002364,Yes,0,Graduate,No,360,1,Semiurban,0.0063706948,4.05857522844646E-005,Male,Y
LP002366,Yes,0,Graduate,No,360,1,Rural,0.0173700833,0.0003017198,Male,Y
LP002367,No,1,Not Graduate,No,360,1,Rural,0.0168925965,0.0002853598,Female,N
LP002368,Yes,2,Graduate,No,360,1,Semiurban,0.0217178315,0.0004716642,Male,Y
LP002369,Yes,0,Graduate,No,360,1,Rural,0.0279832744,0.0007830636,Male,Y
LP002370,No,0,Not Graduate,No,180,1,Urban,0.0206469374,0.000426296,Male,Y
LP002377,No,1,Graduate,Yes,360,1,Semiurban,0.0170203109,0.000289691,Female,Y
LP002379,No,0,Graduate,No,360,0,Rural,0.0156974137,0.0002464088,Male,N
LP002386,No,0,Graduate,,360,1,Semiurban,0.0309988519,0.0009609288,Male,Y
LP002387,Yes,0,Graduate,No,360,1,Semiurban,0.0300104932,0.0009006297,Male,Y
LP002390,No,0,Graduate,No,360,1,Urban,0.0253871541,0.0006445076,Male,Y
LP002393,,,Graduate,No,240,1,Semiurban,0.0108440797,0.0001175941,Female,Y
LP002398,No,0,Graduate,No,360,1,Semiurban,0.0132380196,0.0001752452,Male,Y
LP002401,Yes,0,Graduate,No,360,1,Urban,0.0332534452,0.0011057916,Male,Y
LP002403,No,0,Graduate,Yes,360,0,Urban,0.0176331919,0.0003109295,Male,N
LP002407,Yes,0,Not Graduate,Yes,360,1,Rural,0.0188241713,0.0003543494,Female,Y
LP002408,No,0,Graduate,No,360,1,Semiurban,0.0214351215,0.0004594644,Male,Y
LP002409,Yes,0,Graduate,No,360,1,Rural,0.0184918841,0.0003419498,Male,Y
LP002418,No,3+,Not Graduate,No,360,1,Semiurban,0.0220895522,0.0004879483,Male,Y
LP002429,Yes,1,Graduate,Yes,360,1,Rural,0.0278015398,0.0007729256,Male,Y
LP002434,Yes,2,Not Graduate,No,360,1,Rural,0.022722578,0.0005163156,Male,Y
LP002435,Yes,0,Graduate,,360,1,Rural,0.011190234,0.0001252213,Male,N
LP002443,Yes,2,Graduate,No,360,0,Rural,0.0297029703,0.0008822664,Male,N
LP002444,No,1,Not Graduate,Yes,360,1,Semiurban,0.0440733009,0.0019424558,Male,N
LP002446,Yes,2,Not Graduate,No,360,0,Rural,0.0350729517,0.0012301119,Male,N
LP002447,Yes,2,Not Graduate,No,300,1,Urban,0.0175746924,0.0003088698,Male,Y
LP002448,Yes,0,Graduate,No,360,0,Rural,0.0262277768,0.0006878963,Male,N
LP002449,Yes,0,Graduate,No,180,0,Rural,0.018185492,0.0003307121,Male,Y
LP002453,No,0,Graduate,Yes,360,1,Semiurban,0.0115479791,0.0001333558,Male,Y
LP002455,Yes,2,Graduate,No,360,1,Semiurban,0.023715415,0.0005624209,Male,Y
LP002459,Yes,0,Graduate,No,360,1,Urban,0.0262806236,0.0006906712,Male,Y
LP002467,Yes,0,Graduate,No,360,1,Urban,0.0275609368,0.0007596052,Male,N
LP002472,No,2,Graduate,No,360,1,Rural,0.0299361655,0.000896174,Male,Y
LP002473,Yes,0,Graduate,No,360,1,Semiurban,0.0187727326,0.0003524155,Male,N
LP002478,Yes,0,Graduate,Yes,360,1,Semiurban,0.0259487512,0.0006733377,,Y
LP002484,Yes,3+,Graduate,No,180,1,Urban,0.0161432715,0.0002606052,Male,Y
LP002487,Yes,0,Graduate,No,360,1,Rural,0.0294061119,0.0008647194,Male,Y
LP002489,No,1,Not Graduate,,360,1,Semiurban,0.024535316,0.0006019817,Female,Y
LP002493,No,0,Graduate,No,360,0,Semiurban,0.0225028703,0.0005063792,Male,N
LP002494,No,0,Graduate,No,360,1,Rural,0.0226207788,0.0005116996,Male,Y
LP002500,Yes,3+,Not Graduate,No,180,0,Urban,0.0151810887,0.0002304655,Male,N
LP002501,Yes,0,Graduate,No,360,1,Semiurban,0.0065162016,4.24608839020441E-005,,Y
LP002505,Yes,0,Graduate,No,360,1,Urban,0.0162146226,0.000262914,Male,N
LP002515,Yes,1,Graduate,Yes,360,1,Semiurban,0.0293000543,0.0008584932,Male,Y
LP002517,Yes,1,Not Graduate,No,180,0,Rural,0.0272092463,0.0007403431,Male,N
LP002519,Yes,3+,Graduate,No,360,1,Semiurban,0.0204918033,0.000419914,Male,Y
LP002522,No,0,Graduate,Yes,360,1,Urban,0.0345853477,0.0011961463,Female,Y
LP002524,No,2,Graduate,No,360,1,Rural,0.015913556,0.0002532413,Male,Y
LP002527,Yes,2,Graduate,Yes,360,1,Rural,0.008552369,0.000073143,Male,Y
LP002529,Yes,2,Graduate,No,300,1,Semiurban,0.0272189349,0.0007408704,Male,Y
LP002530,Yes,2,Graduate,No,360,0,Semiurban,0.0278187566,0.0007738832,,N
LP002531,Yes,1,Graduate,Yes,360,1,Semiurban,0.0045461754,2.06677107474742E-005,Male,Y
LP002533,Yes,2,Graduate,No,360,1,Urban,0.0243956044,0.0005951455,Male,N
LP002534,No,0,Not Graduate,No,360,1,Rural,0.033928178,0.0011511213,Female,Y
LP002536,Yes,3+,Not Graduate,No,360,1,Rural,0.034409257,0.001183997,Male,Y
LP002537,Yes,0,Graduate,No,360,1,Semiurban,0.0244601567,0.0005982993,Male,Y
LP002541,Yes,0,Graduate,No,360,1,Semiurban,0.0212302667,0.0004507242,Male,Y
LP002543,Yes,2,Graduate,No,360,1,Semiurban,0.0288664633,0.0008332727,Male,Y
LP002544,Yes,1,Not Graduate,No,360,1,Rural,0.0298133819,0.0008888377,Male,Y
LP002545,No,2,Graduate,No,360,0,Rural,0.0214132762,0.0004585284,Male,N
LP002547,Yes,1,Graduate,No,360,1,Urban,0.026994925,0.000728726,Male,N
LP002555,Yes,2,Graduate,Yes,360,1,Semiurban,0.0240024002,0.0005761152,Male,Y
LP002556,No,0,Graduate,No,360,1,Urban,0.0285823171,0.0008169488,Male,N
LP002560,No,0,Not Graduate,No,360,1,Semiurban,0.0175054705,0.0003064415,Male,Y
LP002562,Yes,1,Not Graduate,No,360,1,Urban,0.0287747525,0.0008279864,Male,Y
LP002571,No,0,Not Graduate,No,360,1,Rural,0.0283505155,0.0008037517,Male,Y
LP002582,No,0,Not Graduate,Yes,360,1,Semiurban,0.0128925052,0.0001662167,Female,Y
LP002585,Yes,0,Graduate,No,360,0,Rural,0.0206812652,0.0004277147,Male,N
LP002586,Yes,1,Graduate,No,84,1,Semiurban,0.0247699929,0.0006135525,Female,Y
LP002587,Yes,0,Not Graduate,No,360,1,Rural,0.0248837209,0.0006191996,Male,Y
LP002588,Yes,0,Graduate,No,12,1,Urban,0.0148356055,0.0002200952,Male,Y
LP002600,Yes,1,Graduate,Yes,360,1,Semiurban,0.0308041505,0.0009488957,Male,Y
LP002602,No,0,Graduate,No,360,0,Rural,0.0195345359,0.0003815981,Male,N
LP002606,No,0,Graduate,No,360,1,Semiurban,0.0298685783,0.000892132,Female,Y
LP002615,Yes,2,Graduate,No,360,1,Semiurban,0.0198302984,0.0003932407,Male,Y
LP002618,Yes,1,Not Graduate,No,360,0,Rural,0.0147562019,0.0002177455,Male,N
LP002619,Yes,0,Not Graduate,No,300,1,Semiurban,0.0234094771,0.0005480036,Male,Y
LP002622,Yes,2,Graduate,No,360,1,Rural,0.030658592,0.0009399493,Male,Y
LP002625,No,0,Graduate,No,360,1,Urban,0.0254506893,0.0006477376,,N
LP002626,Yes,0,Graduate,Yes,360,1,Urban,0.0342316096,0.0011718031,Male,Y
LP002634,No,1,Graduate,No,360,1,Urban,0.0029737566,8.84322830428207E-006,Female,Y
LP002637,No,0,Not Graduate,No,360,1,Rural,0.0204708291,0.0004190548,Male,N
LP002640,Yes,1,Graduate,No,360,1,Semiurban,0.0309827736,0.0009599323,Male,Y
LP002643,Yes,2,Graduate,No,360,1,Urban,0.0278300113,0.0007745095,Male,Y
LP002648,Yes,0,Graduate,No,180,1,Semiurban,0.0079581628,6.33323551715702E-005,Male,N
LP002652,No,0,Graduate,No,360,1,Rural,0.032802447,0.0010760005,Male,N
LP002659,Yes,3+,Graduate,No,360,1,Rural,0.0217580505,0.0004734128,Male,Y
LP002670,Yes,2,Graduate,No,480,1,Semiurban,0.0308490308,0.0009516627,Female,Y
LP002682,Yes,,Not Graduate,No,360,0,Semiurban,0.0252359458,0.000636853,Male,N
LP002683,No,0,Graduate,No,360,1,Semiurban,0.0280387996,0.0007861743,Male,N
LP002684,No,0,Not Graduate,No,360,1,Rural,0.0264697687,0.0007006487,Female,N
LP002689,Yes,2,Not Graduate,No,360,1,Semiurban,0.0114387392,0.0001308448,Male,Y
LP002690,No,0,Graduate,No,360,1,Semiurban,0.0204537003,0.0004183539,Male,Y
LP002692,Yes,3+,Graduate,Yes,360,1,Rural,0.0140825236,0.0001983175,Male,Y
LP002693,Yes,2,Graduate,Yes,360,1,Rural,0.0317586344,0.0010086109,Male,Y
LP002697,No,0,Graduate,No,360,1,Semiurban,0.0164031329,0.0002690628,Male,N
LP002699,Yes,2,Graduate,Yes,360,1,Rural,0.0226129233,0.0005113443,Male,Y
LP002705,Yes,0,Graduate,No,360,1,Semiurban,0.0277497477,0.0007700485,Male,Y
LP002706,Yes,1,Not Graduate,No,360,0,Semiurban,0.0239761727,0.0005748569,Male,Y
LP002714,No,1,Not Graduate,No,360,1,Semiurban,0.0236121577,0.000557534,Male,Y
LP002716,No,0,Not Graduate,No,360,1,Semiurban,0.0186460126,0.0003476738,Male,Y
LP002720,Yes,3+,Graduate,No,360,1,Urban,0.0223713647,0.000500478,Male,Y
LP002723,No,2,Graduate,No,360,0,Rural,0.0291236431,0.0008481866,Male,N
LP002729,No,1,Graduate,No,360,1,Semiurban,0.0171343649,0.0002935865,Male,N
LP002731,No,0,Not Graduate,Yes,360,1,Urban,0.0068105045,0.000046383,Female,Y
LP002732,No,0,Not Graduate,,360,1,Rural,0.0274390244,0.0007529001,Male,Y
LP002734,Yes,0,Graduate,No,360,1,Urban,0.0322741309,0.0010416195,Male,Y
LP002738,No,2,Graduate,No,360,1,Semiurban,0.028113505,0.0007903692,Male,Y
LP002739,Yes,0,Not Graduate,No,360,1,Rural,0.0191138141,0.0003653379,Male,N
LP002740,Yes,3+,Graduate,No,180,1,Rural,0.0237662731,0.0005648357,Male,Y
LP002741,Yes,1,Graduate,No,180,1,Semiurban,0.0187843821,0.000352853,Female,Y
LP002743,No,0,Graduate,No,360,0,Semiurban,0.0425440481,0.001809996,Female,N
LP002753,No,1,Graduate,,360,1,Semiurban,0.0247331424,0.0006117283,Female,Y
LP002755,Yes,1,Not Graduate,No,360,1,Urban,0.026873819,0.0007222021,Male,Y
LP002757,Yes,0,Not Graduate,No,360,1,Semiurban,0.0277173913,0.0007682538,Female,Y
LP002767,Yes,0,Graduate,No,360,1,Rural,0.0328529038,0.0010793133,Male,Y
LP002768,No,0,Not Graduate,No,36,1,Semiurban,0.0225542712,0.0005086952,Male,N
LP002772,No,0,Graduate,No,360,1,Rural,0.033650499,0.0011323561,Male,Y
LP002776,No,0,Graduate,No,360,0,Semiurban,0.019849682,0.0003940099,Female,N
LP002777,Yes,0,Graduate,No,360,1,Rural,0.0229118934,0.0005249549,Male,Y
LP002778,Yes,2,Graduate,Yes,360,0,Rural,0.0162708883,0.0002647418,Male,N
LP002784,Yes,1,Not Graduate,No,360,1,Rural,0.0228066571,0.0005201436,Male,Y
LP002785,Yes,1,Graduate,No,360,1,Urban,0.0240012153,0.0005760583,Male,Y
LP002788,Yes,0,Not Graduate,No,360,0,Urban,0.0378107374,0.0014296519,Male,N
LP002789,Yes,0,Graduate,No,180,0,Rural,0.01679603,0.0002821066,Male,N
LP002792,Yes,1,Graduate,No,360,1,Semiurban,0.004,0.000016,Male,Y
LP002794,No,0,Graduate,No,360,1,Urban,0.0195712954,0.0003830356,Female,Y
LP002795,Yes,3+,Graduate,Yes,360,1,Semiurban,0.0251742835,0.0006337445,Male,Y
LP002798,Yes,0,Graduate,No,360,1,Semiurban,0.0247101891,0.0006105934,Male,Y
LP002804,Yes,0,Graduate,No,360,1,Semiurban,0.0280604379,0.0007873882,Female,Y
LP002807,Yes,2,Not Graduate,No,360,1,Semiurban,0.0275721215,0.0007602219,Male,Y
LP002813,Yes,1,Graduate,Yes,360,1,Semiurban,0.030498653,0.0009301678,Female,Y
LP002820,Yes,0,Graduate,No,360,1,Rural,0.0264510468,0.0006996579,Male,Y
LP002821,No,0,Not Graduate,Yes,360,1,Semiurban,0.0220404074,0.0004857796,Male,Y
LP002832,Yes,2,Graduate,No,360,0,Urban,0.0287049399,0.0008239736,Male,N
LP002833,Yes,0,Not Graduate,No,360,1,Rural,0.0257731959,0.0006642576,Male,Y
LP002836,No,0,Graduate,No,360,1,Urban,0.019875071,0.0003950184,Male,Y
LP002837,Yes,3+,Graduate,No,360,0,Rural,0.0208474576,0.0004346165,Male,N
LP002840,No,0,Graduate,No,360,1,Urban,0.0035060382,1.22923036976008E-005,Female,N
LP002841,Yes,0,Graduate,No,360,0,Urban,0.0198852772,0.0003954243,Male,N
LP002842,Yes,1,Graduate,No,360,1,Urban,0.0359976776,0.0012958328,Male,Y
LP002847,Yes,,Graduate,No,360,0,Urban,0.0251256281,0.0006312972,Male,N
LP002855,Yes,2,Graduate,No,360,1,Urban,0.0163156333,0.0002661999,Male,Y
LP002862,Yes,2,Not Graduate,No,480,1,Semiurban,0.0241290323,0.0005822102,Male,N
LP002863,Yes,3+,Graduate,No,360,1,Semiurban,0.0227445034,0.0005173124,Male,N
LP002868,Yes,2,Graduate,No,84,1,Urban,0.0298342541,0.0008900827,Male,Y
LP002872,Yes,0,Graduate,No,360,0,Semiurban,0.0256749103,0.000659201,,N
LP002874,No,0,Graduate,No,360,1,Urban,0.0184316354,0.0003397252,Male,Y
LP002877,Yes,1,Graduate,No,360,1,Rural,0.0266567015,0.0007105797,Male,Y
LP002888,No,0,Graduate,,360,1,Urban,0.0263977701,0.0006968423,Male,Y
LP002892,Yes,2,Graduate,No,360,1,Semiurban,0.0304651508,0.0009281254,Male,Y
LP002894,Yes,0,Graduate,No,360,1,Semiurban,0.0107302534,0.0001151383,Female,Y
LP002898,Yes,1,Graduate,No,360,0,Rural,0.029482842,0.000869238,Male,N
LP002911,Yes,1,Graduate,No,360,0,Rural,0.031037415,0.0009633211,Male,N
LP002912,Yes,1,Graduate,No,84,1,Rural,0.0236166415,0.0005577458,Male,N
LP002916,Yes,0,Graduate,No,360,1,Urban,0.0272322598,0.000741596,Male,Y
LP002917,No,0,Not Graduate,No,360,1,Semiurban,0.0297366185,0.0008842665,Female,Y
LP002925,No,0,Graduate,No,360,1,Semiurban,0.0190321928,0.0003622244,,Y
LP002926,Yes,2,Graduate,Yes,360,0,Semiurban,0.0363636364,0.001322314,Male,N
LP002928,Yes,0,Graduate,No,180,1,Semiurban,0.0087281796,7.61811182766276E-005,Male,Y
LP002931,Yes,2,Graduate,Yes,240,1,Semiurban,0.0331232832,0.0010971519,Male,N
LP002933,No,3+,Graduate,Yes,360,1,Semiurban,0.0305887283,0.0009356703,,Y
LP002936,Yes,0,Graduate,No,180,1,Rural,0.0198351725,0.0003934341,Male,Y
LP002938,Yes,0,Graduate,Yes,360,1,Urban,0.0159421178,0.0002541511,Male,Y
LP002940,No,0,Not Graduate,No,360,1,Rural,0.0273495773,0.0007479994,Male,Y
LP002941,Yes,2,Not Graduate,Yes,360,1,Rural,0.0253284573,0.0006415307,Male,N
LP002943,No,,Graduate,No,360,0,Semiurban,0.0277078086,0.0007677227,Male,N
LP002945,Yes,0,Graduate,Yes,360,1,Rural,0.0177304965,0.0003143705,Male,Y
LP002948,Yes,2,Graduate,No,360,1,Urban,0.032166192,0.0010346639,Male,Y
LP002950,Yes,0,Not Graduate,,360,1,Rural,0.0272599367,0.0007431041,Male,Y
LP002953,Yes,3+,Graduate,No,360,1,Urban,0.021724372,0.0004719483,Male,Y
LP002958,No,0,Graduate,No,360,1,Rural,0.0215619907,0.0004649194,Male,Y
LP002959,Yes,1,Graduate,No,360,1,Semiurban,0.0406924276,0.0016558737,Female,Y
LP002960,Yes,0,Not Graduate,No,180,1,Urban,0.0179032258,0.0003205255,Male,N
LP002961,Yes,1,Graduate,No,360,1,Semiurban,0.0293220339,0.0008597817,Male,Y
LP002964,Yes,2,Not Graduate,No,360,1,Rural,0.0290848462,0.0008459283,Male,Y
LP002974,Yes,0,Graduate,No,360,1,Rural,0.020841374,0.0004343629,Male,Y
LP002978,No,0,Graduate,No,360,1,Rural,0.0229847847,0.0005283003,Female,Y
LP002979,Yes,3+,Graduate,No,180,1,Rural,0.0093131548,8.67348529098865E-005,Male,Y
LP002983,Yes,1,Graduate,No,360,1,Urban,0.0304379211,0.000926467,Male,Y
LP002984,Yes,2,Graduate,No,360,1,Urban,0.0240607308,0.0005789188,Male,Y
LP002990,No,0,Graduate,Yes,360,0,Semiurban,0.0278709137,0.0007767878,Female,N
